{
  "id": "foundryvtt-miro-connector",
  "title": "Foundry VTT Miro Connector",
  "description": "A module to embed miro boards within FVTT.",
  "version": "1.0.0",
  "compatibility": {
    "minimum": 10,
    "verified": "10.275",
    "maximum": 10
  },
  "author": "DarkDinDoN",
  "authors": [
    {
      "name": "DarKDinDoN",
      "url": "https://github.com/DarKDinDoN",
      "discord": "Maxime#1562"
    }
  ],
  "system": [],
  "esmodules": ["./modules/module.js"],
  "scripts": ["./libs/jspdf.umd.min.js", "./libs/html2canvas.js"],
  "styles": ["./styles/module.css"],
  "languages": [
    {
      "lang": "en",
      "name": "English",
      "path": "languages/en.json"
    },
    {
      "lang": "fr",
      "name": "Français",
      "path": "languages/fr.json"
    }
  ],
  "relationships": {},
  "url": "https://github.com/DarKDinDoN/foundryvtt-miro-connector",
  "bugs": "https://github.com/DarKDinDoN/foundryvtt-miro-connector/issues",
  "changelog": "https://github.com/DarKDinDoN/foundryvtt-miro-connector/releases",
  "manifest": "https://github.com/DarKDinDoN/foundryvtt-miro-connector/releases/latest/download/module.json",
  "download": "https://github.com/DarKDinDoN/foundryvtt-miro-connector/releases/latest/download/module.zip",
  "license": "https://github.com/DarKDinDoN/foundryvtt-miro-connector/raw/main/LICENSE",
  "readme": "https://github.com/DarKDinDoN/foundryvtt-miro-connector/raw/main/README.md"
}
